part_id,vertex_index,x,y
0,0,11,325
0,1,10,326
0,2,10,337
0,3,11,338
0,4,19,338
0,5,21,336
0,6,24,339
0,7,25,339
0,8,28,336
0,9,31,339
0,10,32,339
0,11,35,336
0,12,37,338
0,13,38,338
0,14,39,339
0,15,40,339
0,16,41,338
0,17,42,338
0,18,46,342
0,19,47,342
0,20,51,338
0,21,52,338
0,22,56,342
0,23,57,342
0,24,58,341
0,25,58,339
0,26,57,338
0,27,57,336
0,28,56,335
0,29,56,330
0,30,57,329
0,31,55,327
0,32,54,328
0,33,51,328
0,34,50,327
0,35,46,331
0,36,45,331
0,37,42,328
0,38,41,328
0,39,40,327
0,40,39,327
0,41,38,328
0,42,37,328
0,43,35,330
0,44,32,327
0,45,31,327
0,46,28,330
0,47,25,327
0,48,24,327
0,49,23,328
0,50,22,328
0,51,19,325
1,0,82,304
1,1,79,307
1,2,79,308
1,3,78,309
1,4,78,310
1,5,75,313
1,6,75,314
1,7,77,316
1,8,78,315
1,9,82,319
1,10,85,316
1,11,86,316
1,12,89,319
1,13,90,319
1,14,92,317
1,15,91,316
1,16,92,315
1,17,92,313
1,18,93,312
1,19,93,311
1,20,98,306
1,21,97,305
1,22,96,305
1,23,95,304
1,24,94,304
1,25,93,305
1,26,92,305
1,27,91,304
1,28,88,304
1,29,85,307
2,0,643,300
2,1,638,305
2,2,634,301
2,3,626,301
2,4,625,302
2,5,625,313
2,6,626,314
2,7,634,314
2,8,636,312
2,9,639,315
2,10,643,311
2,11,644,311
2,12,648,315
2,13,650,315
2,14,653,312
2,15,656,315
2,16,657,315
2,17,659,313
2,18,658,312
2,19,658,303
2,20,659,302
2,21,659,301
2,22,658,300
2,23,657,300
2,24,654,303
2,25,653,303
2,26,651,305
2,27,650,305
2,28,645,300
3,0,524,213
3,1,523,214
3,2,522,214
3,3,520,216
3,4,520,217
3,5,524,221
3,6,524,222
3,7,520,226
3,8,520,227
3,9,521,228
3,10,522,228
3,11,523,227
3,12,525,227
3,13,526,228
3,14,528,228
3,15,530,226
3,16,531,226
3,17,533,228
3,18,534,227
3,19,536,227
3,20,537,228
3,21,540,228
3,22,543,225
3,23,545,227
3,24,546,227
3,25,547,228
3,26,548,227
3,27,549,227
3,28,552,224
3,29,553,224
3,30,556,227
3,31,557,227
3,32,558,228
3,33,559,227
3,34,560,227
3,35,562,225
3,36,565,228
3,37,567,226
3,38,568,226
3,39,570,228
3,40,572,226
3,41,573,226
3,42,574,227
3,43,575,227
3,44,576,226
3,45,577,226
3,46,579,228
3,47,581,226
3,48,582,226
3,49,584,228
3,50,586,228
3,51,589,225
3,52,592,225
3,53,595,228
3,54,598,225
3,55,600,225
3,56,601,224
3,57,605,228
3,58,606,228
3,59,609,225
3,60,612,228
3,61,613,228
3,62,615,226
3,63,616,226
3,64,617,227
3,65,618,227
3,66,619,228
3,67,621,228
3,68,622,227
3,69,623,227
3,70,625,225
3,71,626,225
3,72,628,227
3,73,629,227
3,74,630,228
3,75,631,228
3,76,632,227
3,77,633,227
3,78,635,225
3,79,636,225
3,80,638,227
3,81,648,227
3,82,649,226
3,83,649,222
3,84,647,220
3,85,647,219
3,86,648,218
3,87,648,215
3,88,647,214
3,89,638,214
3,90,637,215
3,91,636,215
3,92,634,213
3,93,630,213
3,94,626,217
3,95,623,214
3,96,622,214
3,97,621,213
3,98,619,213
3,99,618,214
3,100,617,214
3,101,614,217
3,102,613,217
3,103,612,216
3,104,609,219
3,105,606,216
3,106,605,216
3,107,603,218
3,108,602,218
3,109,600,216
3,110,598,216
3,111,595,213
3,112,592,216
3,113,590,216
3,114,588,218
3,115,587,218
3,116,585,216
3,117,582,219
3,118,579,216
3,119,577,218
3,120,576,218
3,121,574,216
3,122,570,220
3,123,566,216
3,124,564,218
3,125,560,214
3,126,559,214
3,127,558,213
3,128,557,214
3,129,556,214
3,130,553,217
3,131,552,217
3,132,549,214
3,133,548,214
3,134,547,213
3,135,546,214
3,136,545,214
3,137,542,217
3,138,539,214
3,139,538,214
3,140,537,213
3,141,535,213
3,142,534,214
3,143,533,214
3,144,531,216
3,145,530,216
3,146,528,214
3,147,527,214
3,148,526,213
4,0,127,192
4,1,124,195
4,2,123,195
4,3,121,197
4,4,117,193
4,5,111,193
4,6,108,196
4,7,108,203
4,8,111,206
4,9,117,206
4,10,121,202
4,11,126,207
4,12,127,207
4,13,129,205
4,14,128,204
4,15,128,195
4,16,129,194
4,17,129,193
4,18,128,192
5,0,586,164
5,1,584,166
5,2,585,167
5,3,585,168
5,4,580,173
5,5,578,171
5,6,574,171
5,7,572,173
5,8,574,175
5,9,578,175
5,10,580,173
5,11,586,179
5,12,587,179
5,13,590,176
5,14,593,179
5,15,595,179
5,16,596,178
5,17,596,177
5,18,591,172
5,19,591,171
5,20,596,166
5,21,601,171
5,22,601,172
5,23,598,175
5,24,598,176
5,25,601,179
5,26,603,179
5,27,607,175
5,28,608,175
5,29,611,178
5,30,612,178
5,31,613,179
5,32,615,179
5,33,616,178
5,34,617,178
5,35,620,175
5,36,621,175
5,37,625,179
5,38,627,179
5,39,630,176
5,40,631,176
5,41,633,178
5,42,634,178
5,43,635,179
5,44,636,179
5,45,637,178
5,46,638,178
5,47,640,176
5,48,643,179
5,49,644,179
5,50,646,177
5,51,645,176
5,52,645,173
5,53,652,166
5,54,650,164
5,55,649,165
5,56,643,165
5,57,641,167
5,58,640,167
5,59,638,165
5,60,637,165
5,61,636,164
5,62,635,165
5,63,634,165
5,64,631,168
5,65,627,164
5,66,626,164
5,67,623,167
5,68,622,167
5,69,621,168
5,70,620,168
5,71,617,165
5,72,616,165
5,73,615,164
5,74,613,164
5,75,612,165
5,76,611,165
5,77,609,167
5,78,606,164
5,79,605,165
5,80,597,165
5,81,596,166
5,82,594,164
5,83,593,164
5,84,590,167
5,85,587,164
6,0,532,164
6,1,531,165
6,2,531,167
6,3,532,168
6,4,532,169
6,5,533,170
6,6,533,172
6,7,534,173
6,8,534,175
6,9,535,176
6,10,535,177
6,11,537,179
6,12,538,178
6,13,539,178
6,14,540,177
6,15,539,176
6,16,544,171
6,17,549,176
6,18,548,177
6,19,550,179
6,20,551,179
6,21,555,175
6,22,556,175
6,23,559,178
6,24,560,178
6,25,561,179
6,26,563,179
6,27,569,173
6,28,564,168
6,29,566,166
6,30,566,165
6,31,565,164
6,32,561,164
6,33,558,167
6,34,557,167
6,35,554,164
6,36,553,165
6,37,543,165
6,38,542,164
6,39,541,164
6,40,537,168
6,41,533,164
7,0,485,164
7,1,484,165
7,2,484,167
7,3,485,168
7,4,485,169
7,5,486,170
7,6,486,172
7,7,487,173
7,8,487,175
7,9,488,176
7,10,488,177
7,11,490,179
7,12,491,178
7,13,492,178
7,14,493,177
7,15,492,176
7,16,497,171
7,17,502,176
7,18,501,177
7,19,503,179
7,20,504,179
7,21,509,174
7,22,511,176
7,23,512,175
7,24,516,179
7,25,517,178
7,26,518,178
7,27,522,182
7,28,523,182
7,29,525,180
7,30,525,176
7,31,524,175
7,32,523,175
7,33,522,176
7,34,517,171
7,35,517,165
7,36,516,164
7,37,515,165
7,38,514,165
7,39,512,167
7,40,511,167
7,41,509,165
7,42,508,165
7,43,507,164
7,44,506,165
7,45,496,165
7,46,495,164
7,47,494,164
7,48,490,168
7,49,486,164
8,0,133,78
8,1,130,81
8,2,129,81
8,3,128,82
8,4,127,82
8,5,124,79
8,6,116,79
8,7,115,80
8,8,115,90
8,9,114,91
8,10,116,93
8,11,117,93
8,12,120,90
8,13,122,92
8,14,123,92
8,15,124,93
8,16,126,93
8,17,129,90
8,18,132,93
8,19,133,93
8,20,135,91
8,21,134,90
8,22,134,81
8,23,135,80
8,24,135,79
8,25,134,78
9,0,630,66
9,1,625,71
9,2,625,73
9,3,631,79
9,4,638,72
9,5,632,66
10,0,692,31
10,1,690,33
10,2,692,35
10,3,688,39
10,4,688,40
10,5,692,44
10,6,702,44
10,7,703,43
10,8,703,39
10,9,701,37
10,10,701,36
10,11,702,35
10,12,702,32
10,13,701,31
11,0,601,10
11,1,596,15
11,2,594,13
11,3,593,14
11,4,592,14
11,5,588,18
11,6,584,14
11,7,578,14
11,8,575,17
11,9,575,24
11,10,576,25
11,11,576,26
11,12,577,27
11,13,573,31
11,14,573,32
11,15,572,33
11,16,572,34
11,17,571,35
11,18,571,36
11,19,568,39
11,20,568,40
11,21,570,42
11,22,571,41
11,23,575,45
11,24,578,42
11,25,579,42
11,26,583,46
11,27,584,45
11,28,584,44
11,29,589,39
11,30,596,46
11,31,601,41
11,32,602,41
11,33,607,46
11,34,611,42
11,35,614,45
11,36,616,43
11,37,617,43
11,38,619,45
11,39,621,43
11,40,622,43
11,41,623,44
11,42,624,44
11,43,625,43
11,44,626,43
11,45,628,45
11,46,630,43
11,47,631,43
11,48,636,48
11,49,631,53
11,50,630,53
11,51,628,51
11,52,626,53
11,53,625,53
11,54,624,52
11,55,623,52
11,56,622,53
11,57,621,53
11,58,619,51
11,59,617,53
11,60,616,53
11,61,614,51
11,62,612,53
11,63,610,53
11,64,607,50
11,65,604,53
11,66,599,53
11,67,597,51
11,68,594,54
11,69,593,54
11,70,592,53
11,71,591,53
11,72,589,51
11,73,588,51
11,74,585,48
11,75,580,53
11,76,577,53
11,77,575,51
11,78,573,53
11,79,548,53
11,80,547,52
11,81,546,53
11,82,539,53
11,83,538,52
11,84,537,52
11,85,535,54
11,86,534,54
11,87,533,53
11,88,532,53
11,89,529,50
11,90,526,53
11,91,525,53
11,92,524,54
11,93,523,54
11,94,522,53
11,95,518,53
11,96,517,52
11,97,516,53
11,98,513,53
11,99,511,51
11,100,509,53
12,0,452,53
12,1,451,54
12,2,450,54
12,3,449,53
12,4,448,53
12,5,446,51
12,6,444,51
12,7,442,53
12,8,441,53
12,9,440,54
12,10,439,54
12,11,438,53
13,0,343,53
13,1,342,54
13,2,340,54
13,3,338,52
13,4,336,52
13,5,334,54
13,6,332,54
13,7,331,53
14,0,243,53
14,1,242,54
14,2,241,54
14,3,240,53
14,4,239,53
14,5,237,51
14,6,235,51
14,7,233,53
14,8,232,53
14,9,231,54
14,10,230,54
14,11,229,53
15,0,154,53
15,1,152,55
15,2,152,73
15,3,147,78
15,4,146,78
15,5,144,80
15,6,144,90
15,7,143,91
15,8,144,92
15,9,144,102
15,10,139,107
15,11,137,105
15,12,136,105
15,13,132,109
15,14,128,105
15,15,126,107
15,16,125,107
15,17,121,103
15,18,115,103
15,19,111,107
15,20,109,105
15,21,106,108
15,22,103,105
15,23,102,105
15,24,98,109
15,25,92,103
15,26,91,103
15,27,90,102
15,28,89,103
15,29,88,103
15,30,85,106
15,31,82,103
15,32,81,103
15,33,80,102
15,34,78,102
15,35,77,103
15,36,76,103
15,37,74,105
15,38,73,105
15,39,71,103
15,40,70,103
15,41,69,102
15,42,67,102
15,43,66,103
15,44,65,103
15,45,63,105
15,46,63,106
15,47,67,110
15,48,67,111
15,49,63,115
15,50,63,116
15,51,64,117
15,52,65,117
15,53,66,116
15,54,68,116
15,55,69,117
15,56,71,117
15,57,73,115
15,58,74,115
15,59,76,117
15,60,77,116
15,61,79,116
15,62,80,117
15,63,83,117
15,64,86,114
15,65,88,116
15,66,89,116
15,67,90,117
15,68,91,116
15,69,92,116
15,70,97,111
15,71,103,117
15,72,105,115
15,73,106,115
15,74,108,117
15,75,110,117
15,76,113,114
15,77,115,116
15,78,121,116
15,79,123,114
15,80,124,114
15,81,127,117
15,82,129,115
15,83,130,115
15,84,132,117
15,85,134,115
15,86,135,115
15,87,137,117
15,88,139,115
15,89,140,115
15,90,146,121
15,91,148,121
15,92,153,126
16,0,153,214
16,1,148,219
16,2,146,217
16,3,144,217
16,4,141,214
16,5,138,217
16,6,136,217
16,7,134,219
16,8,133,219
16,9,131,217
16,10,128,220
16,11,125,217
16,12,123,219
16,13,122,219
16,14,120,217
16,15,116,221
16,16,112,217
16,17,111,218
16,18,107,214
16,19,106,214
16,20,105,215
16,21,104,215
16,22,103,214
16,23,100,214
16,24,97,217
16,25,94,214
16,26,91,217
16,27,91,218
16,28,86,223
16,29,81,218
16,30,81,217
16,31,79,215
16,32,78,215
16,33,77,214
16,34,76,215
16,35,75,215
16,36,73,217
16,37,73,226
16,38,75,228
16,39,76,228
16,40,77,229
16,41,78,228
16,42,80,228
16,43,84,232
16,44,85,232
16,45,91,226
16,46,94,229
16,47,97,226
16,48,98,226
16,49,101,229
16,50,103,229
16,51,107,225
16,52,114,232
16,53,119,227
16,54,123,231
16,55,127,227
16,56,128,227
16,57,130,229
16,58,132,229
16,59,135,226
16,60,138,226
16,61,141,229
16,62,144,226
16,63,146,226
16,64,148,224
16,65,153,229
16,66,153,250
16,67,148,255
16,68,130,255
16,69,125,250
16,70,125,235
16,71,123,233
16,72,119,237
16,73,116,234
16,74,115,234
16,75,114,235
16,76,114,250
16,77,109,255
16,78,90,255
16,79,85,250
16,80,84,250
16,81,83,249
16,82,78,249
16,83,77,250
16,84,76,250
16,85,74,252
16,86,74,253
16,87,73,254
16,88,73,259
16,89,74,260
16,90,74,261
16,91,76,263
16,92,77,263
16,93,78,264
16,94,83,264
16,95,84,263
16,96,85,263
16,97,90,258
16,98,109,258
16,99,114,263
16,100,114,278
16,101,115,279
16,102,116,279
16,103,119,276
16,104,120,276
16,105,123,279
16,106,124,279
16,107,125,278
16,108,125,263
16,109,130,258
16,110,148,258
16,111,153,263
16,112,153,275
16,113,148,280
16,114,147,280
16,115,145,282
16,116,145,284
16,117,140,289
16,118,138,287
16,119,137,287
16,120,136,286
16,121,134,286
16,122,133,287
16,123,132,287
16,124,130,289
16,125,129,289
16,126,127,287
16,127,126,287
16,128,124,285
16,129,123,285
16,130,121,287
16,131,119,287
16,132,118,288
16,133,118,298
16,134,117,299
16,135,120,302
16,136,113,309
16,137,111,307
16,138,108,310
16,139,105,307
16,140,104,307
16,141,103,308
16,142,103,309
16,143,104,310
16,144,104,316
16,145,103,317
16,146,105,319
16,147,107,317
16,148,108,317
16,149,110,319
16,150,112,319
16,151,115,316
16,152,117,318
16,153,123,318
16,154,125,316
16,155,126,316
16,156,129,319
16,157,131,317
16,158,132,317
16,159,134,319
16,160,136,317
16,161,137,317
16,162,139,319
16,163,141,317
16,164,147,323
16,165,149,323
16,166,154,328
16,167,154,352
16,168,149,357
16,169,148,357
16,170,146,359
16,171,146,361
16,172,141,366
16,173,136,361
16,174,135,361
16,175,134,360
16,176,132,360
16,177,131,361
16,178,130,361
16,179,128,363
16,180,127,363
16,181,125,361
16,182,117,361
16,183,116,362
16,184,116,372
16,185,115,373
16,186,116,374
16,187,116,375
16,188,120,379
16,189,120,380
16,190,115,385
16,191,113,383
16,192,110,386
16,193,107,383
16,194,106,383
16,195,102,387
16,196,96,381
16,197,95,381
16,198,94,380
16,199,93,381
16,200,92,381
16,201,89,384
16,202,86,381
16,203,85,381
16,204,84,380
16,205,82,380
16,206,81,381
16,207,80,381
16,208,78,383
16,209,77,383
16,210,75,381
16,211,74,381
16,212,73,380
16,213,71,380
16,214,70,381
16,215,69,381
16,216,67,383
16,217,67,384
16,218,71,388
16,219,71,389
16,220,67,393
16,221,67,394
16,222,68,395
16,223,69,395
16,224,70,394
16,225,72,394
16,226,73,395
16,227,75,395
16,228,77,393
16,229,78,393
16,230,80,395
16,231,81,394
16,232,83,394
16,233,84,395
16,234,87,395
16,235,90,392
16,236,92,394
16,237,93,394
16,238,94,395
16,239,95,394
16,240,96,394
16,241,101,389
16,242,107,395
16,243,109,393
16,244,110,393
16,245,112,395
16,246,114,395
16,247,117,392
16,248,119,394
16,249,125,394
16,250,127,392
16,251,128,392
16,252,131,395
16,253,133,393
16,254,134,393
16,255,136,395
16,256,138,393
16,257,139,393
16,258,141,395
16,259,142,394
16,260,148,400
16,261,150,400
16,262,155,405
16,263,155,425
16,264,156,426
16,265,156,427
16,266,151,432
16,267,150,431
17,0,95,431
17,1,90,426
17,2,89,426
17,3,88,425
17,4,83,425
17,5,82,426
17,6,81,426
17,7,79,428
17,8,79,429
17,9,78,430
17,10,78,435
17,11,79,436
17,12,79,437
17,13,81,439
17,14,82,439
17,15,83,440
17,16,88,440
17,17,89,439
17,18,90,439
17,19,95,434
18,0,151,434
18,1,152,433
18,2,154,433
18,3,156,435
18,4,158,435
18,5,160,433
18,6,162,433
18,7,163,434
19,0,374,434
19,1,375,433
19,2,377,433
19,3,379,435
19,4,381,435
19,5,383,433
19,6,385,433
19,7,386,434
19,8,419,434
19,9,424,439
19,10,421,442
19,11,421,443
19,12,420,444
19,13,420,445
19,14,419,446
19,15,419,455
19,16,420,456
19,17,420,458
19,18,422,460
19,19,423,460
19,20,428,455
19,21,429,456
19,22,430,455
19,23,432,455
19,24,436,459
19,25,437,459
19,26,442,454
19,27,443,454
19,28,445,456
19,29,446,456
19,30,448,454
19,31,447,453
19,32,447,444
19,33,448,443
19,34,448,442
19,35,447,441
19,36,446,441
19,37,443,444
19,38,442,444
19,39,438,448
19,40,437,448
19,41,428,439
19,42,433,434
19,43,439,434
19,44,440,433
19,45,441,433
19,46,442,434
19,47,443,434
19,48,446,437
19,49,447,437
19,50,451,433
19,51,452,433
19,52,453,434
19,53,457,434
19,54,462,439
19,55,458,443
19,56,458,444
19,57,457,445
19,58,457,452
19,59,460,455
19,60,466,455
19,61,468,453
19,62,469,453
19,63,472,456
19,64,474,454
19,65,475,454
19,66,477,456
19,67,479,454
19,68,485,460
19,69,487,458
19,70,487,456
19,71,488,455
19,72,488,446
19,73,487,445
19,74,487,443
19,75,485,441
19,76,484,441
19,77,477,448
19,78,473,444
19,79,471,446
19,80,470,446
19,81,463,439
19,82,468,434
19,83,481,434
19,84,484,437
19,85,485,437
19,86,488,434
19,87,526,434
19,88,527,433
19,89,528,433
19,90,529,434
19,91,530,434
19,92,532,436
19,93,534,436
19,94,536,434
19,95,537,434
19,96,538,433
19,97,539,433
19,98,540,434
19,99,584,434
19,100,585,433
19,101,587,433
19,102,589,435
19,103,591,435
19,104,593,433
19,105,595,433
19,106,596,434
19,107,640,434
19,108,645,439
19,109,646,439
19,110,647,440
19,111,652,440
19,112,653,439
19,113,654,439
19,114,656,437
19,115,656,436
19,116,657,435
19,117,657,430
19,118,656,429
19,119,656,428
19,120,649,421
19,121,654,416
19,122,654,415
19,123,653,414
19,124,643,414
19,125,642,415
19,126,642,416
19,127,643,417
19,128,644,417
19,129,649,422
19,130,640,431
19,131,597,431
19,132,596,432
19,133,591,427
19,134,591,426
19,135,592,425
20,0,592,331
20,1,597,326
20,2,599,326
20,3,610,337
20,4,610,338
20,5,611,339
20,6,612,339
20,7,613,338
20,8,613,336
20,9,612,335
20,10,612,333
20,11,613,332
20,12,613,289
20,13,612,288
20,14,612,286
20,15,613,285
20,16,613,283
20,17,612,282
20,18,611,282
20,19,610,283
20,20,610,284
20,21,599,295
20,22,597,295
20,23,592,290
20,24,592,256
20,25,590,254
20,26,540,254
20,27,539,255
20,28,538,255
20,29,537,254
20,30,536,254
20,31,534,252
20,32,532,252
20,33,530,254
20,34,529,254
20,35,528,255
20,36,527,255
20,37,526,254
20,38,508,254
20,39,503,249
20,40,503,234
20,41,501,232
20,42,502,231
20,43,503,231
20,44,507,227
20,45,507,226
20,46,504,223
20,47,504,222
20,48,506,220
20,49,506,218
20,50,507,217
20,51,506,216
20,52,506,215
20,53,505,214
20,54,504,214
20,55,503,213
20,56,501,213
20,57,500,214
20,58,499,214
20,59,496,217
20,60,493,214
20,61,487,214
20,62,484,217
20,63,484,224
20,64,487,227
20,65,489,227
20,66,491,229
20,67,492,229
20,68,496,225
20,69,502,231
20,70,497,236
20,71,494,233
20,72,493,233
20,73,492,234
20,74,492,236
20,75,487,241
20,76,484,238
20,77,482,238
20,78,477,243
20,79,477,245
20,80,481,249
20,81,476,254
20,82,452,254
20,83,451,255
20,84,446,250
20,85,447,249
20,86,447,241
20,87,446,240
20,88,457,229
20,89,457,228
20,90,459,226
20,91,459,225
20,92,460,224
20,93,460,223
20,94,461,222
20,95,461,218
20,96,462,217
20,97,462,211
20,98,461,210
20,99,461,207
20,100,460,206
20,101,460,204
20,102,458,202
20,103,458,201
20,104,457,200
20,105,457,199
20,106,446,188
20,107,447,187
21,0,447,61
21,1,446,60
21,2,451,55
21,3,452,56
22,0,522,56
22,1,523,55
22,2,524,55
22,3,529,60
22,4,528,61
22,5,528,78
22,6,523,83
22,7,508,83
22,8,507,84
22,9,507,85
22,10,510,88
22,11,510,89
22,12,507,92
22,13,507,93
22,14,508,94
22,15,523,94
22,16,528,99
22,17,528,111
22,18,523,116
22,19,508,116
22,20,507,117
22,21,507,118
22,22,508,119
22,23,527,119
22,24,528,118
22,25,531,118
22,26,532,119
22,27,550,119
22,28,551,118
22,29,551,117
22,30,550,116
22,31,536,116
22,32,531,111
22,33,531,99
22,34,536,94
22,35,551,94
22,36,552,93
22,37,552,92
22,38,549,89
22,39,549,88
22,40,552,85
22,41,552,84
22,42,551,83
22,43,536,83
22,44,531,78
22,45,531,61
22,46,530,60
22,47,535,55
22,48,536,56
22,49,581,56
22,50,582,55
22,51,583,55
22,52,588,60
22,53,587,61
22,54,587,78
22,55,582,83
22,56,567,83
22,57,566,84
22,58,566,85
22,59,569,88
22,60,569,89
22,61,566,92
22,62,566,93
22,63,567,94
22,64,582,94
22,65,587,99
22,66,587,111
22,67,582,116
22,68,567,116
22,69,566,117
22,70,566,118
22,71,567,119
22,72,586,119
22,73,587,118
22,74,590,118
22,75,591,119
22,76,609,119
22,77,610,118
22,78,610,117
22,79,609,116
22,80,595,116
22,81,590,111
22,82,590,99
22,83,595,94
22,84,610,94
22,85,611,93
22,86,611,92
22,87,608,89
22,88,608,88
22,89,611,85
22,90,611,84
22,91,610,83
22,92,608,83
22,93,603,78
22,94,606,75
22,95,606,73
22,96,601,68
22,97,599,68
22,98,595,72
22,99,590,67
22,100,590,61
22,101,589,60
22,102,594,55
22,103,595,56
22,104,636,56
22,105,646,66
22,106,642,70
22,107,647,75
22,108,647,77
22,109,646,78
22,110,648,80
22,111,649,80
22,112,652,77
22,113,655,80
22,114,656,79
22,115,658,79
22,116,663,84
22,117,661,86
22,118,661,87
22,119,664,90
22,120,659,95
22,121,658,94
22,122,656,96
22,123,655,96
22,124,653,94
22,125,651,96
22,126,650,96
22,127,648,94
22,128,647,95
22,129,642,90
22,130,642,84
22,131,641,83
22,132,640,84
22,133,639,84
22,134,636,87
22,135,635,87
22,136,629,81
22,137,625,85
22,138,624,85
22,139,622,83
22,140,621,84
22,141,621,85
22,142,620,86
22,143,620,87
22,144,619,88
22,145,619,90
22,146,617,92
22,147,617,93
22,148,619,95
22,149,619,97
22,150,620,98
22,151,620,100
22,152,622,102
22,153,623,102
22,154,628,97
22,155,629,97
22,156,630,98
22,157,633,98
22,158,637,94
22,159,641,98
22,160,644,95
22,161,647,98
22,162,649,98
22,163,651,96
22,164,653,98
22,165,655,96
22,166,656,96
22,167,658,98
22,168,659,98
22,169,661,96
22,170,662,96
22,171,663,97
22,172,664,97
22,173,665,98
22,174,667,98
22,175,668,97
22,176,669,97
22,177,672,94
22,178,675,97
22,179,676,97
22,180,677,98
22,181,678,97
22,182,683,102
22,183,684,102
22,184,686,100
22,185,686,98
22,186,687,97
22,187,687,88
22,188,686,87
22,189,686,85
22,190,684,83
22,191,683,83
22,192,681,85
22,193,680,85
22,194,675,80
22,195,675,79
22,196,676,78
22,197,676,74
22,198,674,72
22,199,674,71
22,200,675,70
22,201,675,67
22,202,674,66
22,203,665,66
22,204,663,68
22,205,661,66
22,206,660,66
22,207,659,65
22,208,657,65
22,209,656,66
22,210,655,66
22,211,652,69
22,212,647,64
22,213,652,59
22,214,652,58
22,215,653,57
22,216,653,52
22,217,652,51
22,218,652,50
22,219,651,49
22,220,658,42
22,221,661,45
22,222,662,45
22,223,665,42
22,224,666,42
22,225,669,45
22,226,671,45
22,227,675,41
22,228,678,44
22,229,679,44
22,230,680,45
22,231,681,44
22,232,682,44
22,233,686,40
22,234,686,39
22,235,682,35
22,236,684,33
22,237,684,32
22,238,683,31
22,239,682,31
22,240,681,30
22,241,680,30
22,242,679,31
22,243,678,31
22,244,675,34
22,245,671,30
22,246,670,30
22,247,667,33
22,248,666,33
22,249,664,35
22,250,662,33
22,251,661,33
22,252,658,36
22,253,655,33
22,254,654,33
22,255,652,35
22,256,651,35
22,257,649,33
22,258,647,33
22,259,644,30
22,260,641,33
22,261,639,33
22,262,637,35
22,263,636,35
22,264,634,33
22,265,631,36
22,266,628,33
22,267,626,35
22,268,625,35
22,269,623,33
22,270,619,37
22,271,615,33
22,272,613,35
22,273,609,31
22,274,608,31
22,275,607,30
22,276,606,31
22,277,605,31
22,278,602,34
22,279,601,34
22,280,595,28
22,281,595,26
22,282,597,24
22,283,597,23
22,284,595,21
22,285,600,16
22,286,601,16
22,287,602,15
22,288,603,15
22,289,604,16
22,290,605,15
22,291,605,11
22,292,604,10
23,0,649,427
23,1,650,427
23,2,655,432
23,3,655,433
23,4,650,438
23,5,649,438
23,6,644,433
23,7,644,432
24,0,85,427
24,1,86,427
24,2,91,432
24,3,91,433
24,4,86,438
24,5,85,438
24,6,80,433
24,7,80,432
25,0,546,395
25,1,551,400
25,2,551,401
25,3,550,402
25,4,551,403
25,5,551,404
25,6,552,405
25,7,556,401
25,8,561,406
25,9,561,407
25,10,556,412
25,11,553,409
25,12,551,411
25,13,552,412
25,14,552,418
25,15,551,419
25,16,553,421
25,17,555,419
25,18,556,419
25,19,558,421
25,20,560,421
25,21,563,418
25,22,565,420
25,23,571,420
25,24,573,418
25,25,574,418
25,26,577,421
25,27,579,419
25,28,580,419
25,29,582,421
25,30,584,419
25,31,589,424
25,32,589,425
25,33,590,426
25,34,590,427
25,35,585,432
25,36,584,432
25,37,583,431
25,38,540,431
25,39,539,432
25,40,534,427
25,41,540,421
25,42,541,421
25,43,543,419
25,44,542,418
25,45,542,412
25,46,543,411
25,47,542,410
25,48,542,409
25,49,543,408
25,50,543,407
25,51,539,403
25,52,539,402
26,0,141,369
26,1,146,374
26,2,146,378
26,3,141,383
26,4,140,383
26,5,136,387
26,6,132,383
26,7,130,385
26,8,129,385
26,9,123,379
26,10,123,378
26,11,128,373
26,12,129,373
26,13,130,374
26,14,131,374
26,15,133,376
26,16,135,374
26,17,136,374
27,0,531,359
27,1,535,359
27,2,540,364
27,3,540,393
27,4,535,398
27,5,531,398
27,6,526,393
27,7,526,364
28,0,444,359
28,1,448,359
28,2,453,364
28,3,453,393
28,4,448,398
28,5,444,398
28,6,439,393
28,7,439,364
29,0,378,359
29,1,382,359
29,2,387,364
29,3,387,393
29,4,382,398
29,5,378,398
29,6,373,393
29,7,373,364
30,0,154,359
30,1,158,359
30,2,163,364
30,3,163,393
30,4,158,398
30,5,154,398
30,6,149,393
30,7,149,364
31,0,605,318
31,1,610,323
31,2,610,324
31,3,605,329
31,4,600,324
31,5,600,323
32,0,133,300
32,1,135,300
32,2,140,305
32,3,134,311
32,4,128,305
33,0,386,298
33,1,406,298
33,2,411,303
33,3,411,304
33,4,412,305
33,5,412,306
33,6,413,307
33,7,413,308
33,8,414,309
33,9,414,310
33,10,416,312
33,11,416,313
33,12,421,318
33,13,422,318
33,14,423,319
33,15,424,319
33,16,425,320
33,17,426,320
33,18,427,321
33,19,428,321
33,20,429,322
33,21,432,322
33,22,433,323
33,23,436,323
33,24,437,322
33,25,439,322
33,26,444,327
33,27,444,352
33,28,439,357
33,29,438,357
33,30,436,359
33,31,436,398
33,32,438,400
33,33,440,400
33,34,445,405
33,35,445,426
33,36,446,427
33,37,441,432
33,38,440,432
33,39,439,431
34,0,387,431
34,1,386,432
34,2,381,427
34,3,381,426
34,4,382,425
34,5,382,405
34,6,387,400
34,7,388,400
34,8,390,398
34,9,390,359
34,10,388,357
34,11,386,357
34,12,381,352
34,13,381,303
35,0,589,296
35,1,593,296
35,2,598,301
35,3,598,320
35,4,593,325
35,5,589,325
35,6,584,320
35,7,584,301
36,0,605,292
36,1,610,297
36,2,610,298
36,3,605,303
36,4,600,298
36,5,600,297
37,0,153,282
37,1,157,282
37,2,162,287
37,3,162,298
37,4,163,299
37,5,163,302
37,6,162,303
37,7,162,316
37,8,157,321
37,9,153,321
37,10,148,316
37,11,148,287
38,0,444,277
38,1,445,276
38,2,447,276
38,3,457,286
38,4,457,287
38,5,458,288
38,6,458,291
38,7,459,292
38,8,459,302
38,9,458,303
38,10,458,306
38,11,457,307
38,12,457,308
38,13,447,318
38,14,446,318
38,15,445,319
38,16,442,319
38,17,436,313
38,18,435,313
38,19,430,308
38,20,430,306
38,21,429,305
38,22,428,305
38,23,426,307
38,24,424,307
38,25,419,302
38,26,419,294
38,27,420,293
38,28,419,292
38,29,425,286
38,30,427,286
38,31,428,285
38,32,429,285
38,33,430,284
38,34,431,284
38,35,432,283
38,36,433,283
38,37,434,282
38,38,435,282
38,39,436,281
38,40,437,281
38,41,439,279
38,42,440,279
38,43,441,278
38,44,442,278
38,45,443,277
39,0,177,257
39,1,178,257
39,2,179,258
39,3,198,258
39,4,204,264
39,5,204,265
39,6,205,266
39,7,205,267
39,8,206,268
39,9,206,269
39,10,207,270
39,11,207,271
39,12,213,277
39,13,214,277
39,14,215,278
39,15,216,278
39,16,218,280
39,17,220,280
39,18,221,281
39,19,224,281
39,20,225,282
39,21,231,282
39,22,236,287
39,23,236,296
39,24,238,298
40,0,373,298
40,1,378,303
40,2,378,352
40,3,373,357
40,4,372,357
40,5,369,360
40,6,369,361
40,7,370,362
40,8,370,364
40,9,366,368
40,10,370,372
40,11,370,381
40,12,365,386
40,13,364,385
40,14,363,385
40,15,359,389
40,16,355,385
40,17,353,387
40,18,352,387
40,19,348,383
40,20,342,383
40,21,338,387
40,22,336,385
40,23,333,388
40,24,330,385
40,25,329,385
40,26,326,388
40,27,325,388
40,28,320,383
40,29,319,383
40,30,318,382
40,31,317,382
40,32,316,383
40,33,315,383
40,34,313,385
40,35,312,385
40,36,309,382
40,37,305,382
40,38,303,384
40,39,303,386
40,40,302,387
40,41,302,389
40,42,296,395
40,43,295,395
40,44,293,393
40,45,291,395
40,46,290,395
40,47,288,393
40,48,287,394
40,49,282,389
40,50,282,383
40,51,281,382
40,52,280,383
40,53,279,383
40,54,276,386
40,55,275,386
40,56,272,383
40,57,271,383
40,58,270,382
40,59,268,382
40,60,267,383
40,61,266,383
40,62,264,385
40,63,264,386
40,64,268,390
40,65,268,391
40,66,264,395
40,67,264,396
40,68,265,397
40,69,266,397
40,70,267,396
40,71,269,396
40,72,270,397
40,73,273,397
40,74,277,393
40,75,281,397
40,76,284,394
40,77,287,397
40,78,289,397
40,79,291,395
40,80,293,397
40,81,295,395
40,82,296,395
40,83,298,397
40,84,299,397
40,85,301,395
40,86,302,395
40,87,303,396
40,88,305,396
40,89,306,397
40,90,307,397
40,91,308,396
40,92,309,396
40,93,312,393
40,94,315,396
40,95,316,396
40,96,317,397
40,97,318,396
40,98,319,396
40,99,324,391
40,100,330,397
40,101,332,395
40,102,333,395
40,103,335,397
40,104,337,397
40,105,340,394
40,106,342,396
40,107,348,396
40,108,350,394
40,109,351,394
40,110,354,397
40,111,356,395
40,112,357,395
40,113,359,397
40,114,361,395
40,115,362,395
40,116,364,397
40,117,366,395
40,118,367,395
40,119,372,400
40,120,374,400
40,121,379,405
40,122,379,425
40,123,380,426
40,124,380,427
40,125,375,432
40,126,374,432
40,127,373,431
41,0,164,431
41,1,163,432
41,2,162,432
41,3,157,427
41,4,157,426
41,5,158,425
41,6,158,405
41,7,163,400
41,8,164,400
41,9,166,398
41,10,166,359
41,11,164,357
41,12,162,357
41,13,157,352
41,14,157,328
41,15,162,323
41,16,163,323
41,17,165,321
41,18,165,306
41,19,170,301
41,20,173,301
41,21,174,302
41,22,179,302
41,23,180,301
41,24,180,300
41,25,179,299
41,26,178,299
41,27,173,294
41,28,173,264
41,29,172,263
41,30,172,262
42,0,356,359
42,1,352,363
42,2,349,360
42,3,341,360
42,4,340,361
42,5,340,371
42,6,339,372
42,7,341,374
42,8,342,374
42,9,345,371
42,10,347,373
42,11,348,373
42,12,349,374
42,13,350,374
42,14,352,372
42,15,353,372
42,16,354,373
42,17,356,373
42,18,357,374
42,19,358,374
42,20,364,368
42,21,359,363
42,22,361,361
42,23,361,360
42,24,360,359
43,0,164,258
43,1,165,257
43,2,166,257
43,3,171,262
43,4,171,263
43,5,170,264
43,6,170,277
43,7,165,282
43,8,163,280
43,9,161,280
43,10,156,275
43,11,156,263
43,12,161,258
44,0,538,256
44,1,539,256
44,2,540,257
44,3,584,257
44,4,589,262
44,5,589,289
44,6,584,294
44,7,583,294
44,8,581,296
44,9,581,325
44,10,583,327
44,11,584,327
44,12,589,332
45,0,589,406
45,1,582,413
45,2,578,409
45,3,576,411
45,4,575,411
45,5,567,403
45,6,567,401
45,7,568,400
45,8,568,398
45,9,569,397
45,10,569,396
45,11,572,393
45,12,572,392
45,13,573,391
45,14,571,389
45,15,570,389
45,16,569,390
45,17,568,390
45,18,567,389
45,19,564,389
45,20,562,391
45,21,561,391
45,22,560,390
45,23,551,390
45,24,548,393
45,25,543,388
45,26,543,359
45,27,541,357
45,28,539,357
45,29,534,352
46,0,534,262
46,1,533,261
47,0,451,256
47,1,452,257
47,2,487,257
47,3,492,262
47,4,492,277
47,5,493,278
47,6,494,278
47,7,497,275
47,8,498,275
47,9,501,278
47,10,502,278
47,11,503,277
47,12,503,262
47,13,508,257
47,14,526,257
47,15,527,256
47,16,532,261
47,17,531,262
48,0,531,352
48,1,526,357
48,2,525,357
48,3,523,359
48,4,523,398
48,5,525,400
48,6,527,400
48,7,532,405
48,8,532,426
48,9,533,427
48,10,528,432
48,11,527,432
48,12,526,431
49,0,453,431
49,1,452,432
49,2,447,427
49,3,448,426
49,4,448,405
49,5,453,400
49,6,454,400
49,7,458,396
49,8,465,403
49,9,465,404
49,10,460,409
49,11,460,410
49,12,463,413
49,13,463,414
49,14,460,417
49,15,460,418
49,16,462,420
49,17,463,420
49,18,464,421
49,19,466,421
49,20,467,420
49,21,468,420
49,22,473,415
49,23,474,415
49,24,478,419
49,25,479,419
49,26,480,420
49,27,486,420
49,28,488,418
49,29,489,418
49,30,492,421
49,31,494,419
49,32,495,419
49,33,497,421
49,34,499,419
49,35,500,419
49,36,502,421
49,37,503,420
49,38,503,418
49,39,502,417
49,40,502,412
49,41,503,411
49,42,501,409
49,43,497,413
49,44,493,409
49,45,491,411
49,46,490,411
49,47,486,407
49,48,485,407
49,49,482,404
49,50,474,412
49,51,473,412
49,52,466,405
49,53,471,400
49,54,472,401
49,55,473,401
49,56,476,398
49,57,480,402
49,58,484,398
49,59,484,393
49,60,482,391
49,61,484,389
49,62,484,388
49,63,483,387
49,64,482,387
49,65,481,386
49,66,480,386
49,67,479,387
49,68,478,387
49,69,475,390
49,70,472,387
49,71,463,387
49,72,461,389
49,73,456,384
49,74,456,359
49,75,454,357
49,76,452,357
49,77,447,352
49,78,447,324
49,79,446,323
49,80,457,312
49,81,457,311
49,82,459,309
49,83,459,308
49,84,460,307
49,85,460,306
49,86,461,305
49,87,461,301
49,88,462,300
49,89,462,294
49,90,461,293
49,91,461,290
49,92,460,289
49,93,460,287
49,94,458,285
49,95,458,284
49,96,457,283
49,97,457,282
49,98,446,271
49,99,447,270
49,100,447,263
49,101,446,262
49,102,446,261
50,0,80,251
50,1,81,251
50,2,86,256
50,3,86,257
50,4,81,262
50,5,80,262
50,6,75,257
50,7,75,256
51,0,235,234
51,1,237,234
51,2,238,235
51,3,239,235
51,4,249,245
51,5,249,246
51,6,250,247
51,7,250,250
51,8,251,251
51,9,251,261
51,10,250,262
51,11,250,265
51,12,249,266
51,13,249,267
51,14,239,277
51,15,237,277
51,16,236,276
51,17,235,276
51,18,234,275
51,19,233,275
51,20,232,274
51,21,231,274
51,22,229,272
51,23,228,272
51,24,227,271
51,25,226,271
51,26,225,270
51,27,224,270
51,28,223,269
51,29,222,269
51,30,221,268
51,31,220,268
51,32,219,267
51,33,217,267
51,34,211,261
51,35,212,260
51,36,211,259
51,37,211,252
51,38,216,247
51,39,217,247
51,40,218,246
51,41,219,246
51,42,220,245
51,43,221,245
51,44,222,244
51,45,223,244
51,46,224,243
51,47,226,243
51,48,227,242
51,49,230,242
51,50,231,241
51,51,230,240
51,52,230,239
52,0,386,215
52,1,406,215
52,2,411,220
52,3,411,221
52,4,412,222
52,5,412,223
52,6,413,224
52,7,413,225
52,8,414,226
52,9,414,227
52,10,416,229
52,11,416,230
52,12,421,235
52,13,422,235
52,14,423,236
52,15,424,236
52,16,425,237
52,17,426,237
52,18,427,238
52,19,428,238
52,20,429,239
52,21,432,239
52,22,433,240
52,23,436,240
52,24,437,239
52,25,439,239
52,26,444,244
52,27,444,249
52,28,445,250
52,29,445,251
52,30,440,256
52,31,436,252
52,32,432,252
52,33,429,255
52,34,428,255
52,35,425,252
52,36,424,253
52,37,414,253
52,38,413,252
52,39,412,252
52,40,408,256
52,41,404,252
52,42,403,252
52,43,402,253
52,44,402,255
52,45,403,256
52,46,403,257
52,47,404,258
52,48,404,260
52,49,405,261
52,50,405,263
52,51,406,264
52,52,406,265
52,53,408,267
52,54,409,266
52,55,410,266
52,56,411,265
52,57,410,264
52,58,415,259
52,59,420,264
52,60,419,265
52,61,420,266
52,62,420,267
52,63,421,268
52,64,426,263
52,65,427,263
52,66,432,268
52,67,426,274
52,68,425,274
52,69,424,275
52,70,423,274
52,71,415,282
52,72,415,283
52,73,414,284
52,74,414,285
52,75,413,286
52,76,413,287
52,77,412,288
52,78,412,289
52,79,406,295
52,80,386,295
52,81,381,290
52,82,381,220
53,0,243,214
53,1,244,215
54,0,373,215
54,1,378,220
55,0,378,290
55,1,373,295
56,0,244,295
56,1,239,290
56,2,239,283
56,3,238,282
56,4,249,271
56,5,249,270
56,6,250,269
56,7,250,268
56,8,254,264
56,9,254,263
56,10,253,262
56,11,253,260
56,12,254,259
56,13,254,253
56,14,253,252
56,15,253,248
56,16,252,247
56,17,252,246
56,18,251,245
56,19,251,244
56,20,249,242
56,21,249,241
56,22,238,230
56,23,239,229
56,24,239,221
56,25,238,220
56,26,238,219
57,0,300,243
57,1,297,246
57,2,296,246
57,3,295,247
57,4,295,248
57,5,299,252
57,6,299,255
57,7,298,256
57,8,299,257
57,9,299,258
57,10,300,259
57,11,301,258
57,12,301,257
57,13,302,256
57,14,301,255
57,15,301,246
57,16,302,245
57,17,302,244
57,18,301,243
58,0,269,243
58,1,268,244
58,2,268,246
58,3,269,247
58,4,269,248
58,5,270,249
58,6,270,251
58,7,271,252
58,8,271,254
58,9,272,255
58,10,272,257
58,11,274,259
58,12,266,267
58,13,263,264
58,14,261,264
58,15,260,265
58,16,260,266
58,17,261,267
58,18,261,276
58,19,260,277
58,20,262,279
58,21,263,279
58,22,266,276
58,23,269,279
58,24,271,279
58,25,272,278
58,26,272,277
58,27,267,272
58,28,267,271
58,29,272,266
58,30,277,271
58,31,277,272
58,32,274,275
58,33,274,276
58,34,277,279
58,35,279,279
58,36,283,275
58,37,284,275
58,38,287,278
58,39,288,278
58,40,289,279
58,41,291,279
58,42,292,278
58,43,293,278
58,44,296,275
58,45,297,275
58,46,301,279
58,47,303,279
58,48,307,275
58,49,309,275
58,50,313,279
58,51,316,276
58,52,319,279
58,53,320,279
58,54,322,277
58,55,321,276
58,56,321,273
58,57,328,266
58,58,326,264
58,59,325,265
58,60,319,265
58,61,317,267
58,62,316,267
58,63,313,264
58,64,312,265
58,65,311,265
58,66,308,268
58,67,307,268
58,68,302,263
58,69,297,268
58,70,296,268
58,71,293,265
58,72,292,265
58,73,290,263
58,74,289,263
58,75,285,267
58,76,282,264
58,77,281,265
58,78,278,265
58,79,273,260
58,80,277,256
58,81,276,255
58,82,281,250
58,83,286,255
58,84,285,256
58,85,286,257
58,86,286,258
58,87,287,259
58,88,288,258
58,89,288,257
58,90,289,256
58,91,288,255
58,92,288,251
58,93,293,246
58,94,293,245
58,95,291,243
58,96,290,244
58,97,280,244
58,98,279,243
58,99,278,243
58,100,274,247
58,101,270,243
59,0,174,194
59,1,179,199
59,2,179,200
59,3,176,203
59,4,176,204
59,5,179,207
59,6,181,207
59,7,185,203
59,8,186,203
59,9,189,206
59,10,190,206
59,11,191,207
59,12,193,207
59,13,194,206
59,14,195,206
59,15,198,203
59,16,199,203
59,17,203,207
59,18,205,207
59,19,209,203
59,20,211,203
59,21,215,207
59,22,218,204
59,23,221,207
59,24,222,207
59,25,224,205
59,26,223,204
59,27,223,201
59,28,229,195
59,29,230,195
59,30,231,194
59,31,236,199
59,32,236,207
59,33,237,208
59,34,237,209
59,35,236,210
59,36,236,211
59,37,234,213
59,38,234,215
59,39,236,217
59,40,236,218
59,41,237,219
59,42,237,220
59,43,236,221
59,44,236,226
59,45,231,231
59,46,230,230
59,47,225,230
59,48,224,231
59,49,221,231
59,50,220,232
59,51,219,232
59,52,218,233
59,53,217,233
59,54,216,234
59,55,215,234
59,56,214,235
59,57,213,235
59,58,208,240
59,59,208,241
59,60,206,243
59,61,206,244
59,62,205,245
59,63,205,246
59,64,204,247
59,65,204,248
59,66,203,249
59,67,203,250
59,68,198,255
59,69,178,255
59,70,177,256
59,71,175,256
59,72,173,254
59,73,170,254
59,74,168,256
59,75,166,256
59,76,165,255
59,77,161,255
59,78,156,250
59,79,156,210
59,80,161,205
59,81,163,207
59,82,165,207
59,83,168,204
59,84,171,207
59,85,173,207
59,86,174,206
59,87,174,205
59,88,169,200
59,89,169,199
60,0,444,194
60,1,445,193
60,2,447,193
60,3,457,203
60,4,457,204
60,5,458,205
60,6,458,208
60,7,459,209
60,8,459,219
60,9,458,220
60,10,458,223
60,11,457,224
60,12,457,225
60,13,447,235
60,14,446,235
60,15,445,236
60,16,442,236
60,17,430,224
60,18,430,223
60,19,429,222
60,20,428,222
60,21,426,224
60,22,424,224
60,23,419,219
60,24,419,211
60,25,420,210
60,26,419,209
60,27,425,203
60,28,427,203
60,29,428,202
60,30,429,202
60,31,430,201
60,32,431,201
60,33,432,200
60,34,433,200
60,35,434,199
60,36,435,199
60,37,436,198
60,38,437,198
60,39,439,196
60,40,440,196
60,41,441,195
60,42,442,195
60,43,443,194
61,0,192,179
61,1,197,184
61,2,196,185
61,3,197,186
61,4,197,187
61,5,192,192
61,6,191,192
61,7,190,193
61,8,185,188
61,9,188,185
61,10,187,184
62,0,311,171
62,1,312,170
62,2,323,181
62,3,324,181
62,4,325,182
62,5,326,182
62,6,328,184
62,7,330,184
62,8,331,185
62,9,334,185
62,10,335,186
62,11,341,186
62,12,342,185
62,13,346,185
62,14,347,184
62,15,348,184
62,16,349,183
62,17,350,183
62,18,352,181
62,19,353,181
62,20,364,170
62,21,365,171
62,22,373,171
62,23,378,176
62,24,378,207
62,25,373,212
63,0,244,212
63,1,243,213
63,2,238,208
63,3,239,207
63,4,239,200
63,5,244,195
63,6,250,195
63,7,251,194
63,8,254,194
63,9,255,193
63,10,257,193
63,11,259,191
63,12,260,191
63,13,261,190
63,14,262,190
63,15,268,184
63,16,268,183
63,17,269,182
63,18,269,181
63,19,270,180
63,20,270,179
63,21,271,178
63,22,271,177
63,23,277,171
64,0,237,148
64,1,238,147
64,2,240,147
64,3,245,152
64,4,245,153
64,5,244,154
64,6,245,155
64,7,248,155
64,8,249,156
64,9,251,156
64,10,252,157
64,11,253,157
64,12,254,158
64,13,255,158
64,14,256,159
64,15,257,159
64,16,258,160
64,17,259,160
64,18,264,165
64,19,264,172
64,20,263,173
64,21,264,174
64,22,258,180
64,23,256,180
64,24,255,181
64,25,254,181
64,26,253,182
64,27,252,182
64,28,251,183
64,29,250,183
64,30,249,184
64,31,248,184
64,32,247,185
64,33,246,185
64,34,244,187
64,35,243,187
64,36,242,188
64,37,241,188
64,38,240,189
64,39,239,189
64,40,238,190
64,41,236,190
64,42,226,180
64,43,226,179
64,44,225,178
64,45,225,175
64,46,224,174
64,47,224,164
64,48,225,163
64,49,225,160
64,50,226,159
64,51,226,158
64,52,236,148
65,0,333,143
65,1,334,144
65,2,335,143
65,3,343,143
65,4,348,148
65,5,348,150
65,6,346,152
65,7,346,153
65,8,347,154
65,9,349,154
65,10,354,159
65,11,354,160
65,12,360,166
65,13,360,169
65,14,359,170
65,15,359,171
65,16,349,181
65,17,348,181
65,18,347,182
65,19,344,182
65,20,343,183
65,21,333,183
65,22,332,182
65,23,329,182
65,24,328,181
65,25,327,181
65,26,317,171
65,27,317,169
65,28,318,168
65,29,318,167
65,30,319,166
65,31,319,165
65,32,320,164
65,33,320,163
65,34,322,161
65,35,322,160
65,36,323,159
65,37,323,158
65,38,324,157
65,39,324,156
65,40,325,155
65,41,325,154
65,42,326,153
65,43,326,152
65,44,327,151
65,45,327,149
66,0,235,80
66,1,239,80
66,2,244,85
66,3,244,114
66,4,239,119
66,5,235,119
66,6,230,114
66,7,230,85
67,0,152,80
67,1,156,80
67,2,161,85
67,3,161,114
67,4,156,119
67,5,152,119
67,6,147,114
67,7,147,85
68,0,343,55
68,1,344,56
69,0,438,56
69,1,439,55
69,2,440,55
69,3,445,60
69,4,444,61
70,0,444,172
70,1,442,174
70,2,442,175
70,3,444,177
70,4,444,183
70,5,439,188
70,6,433,188
70,7,432,189
70,8,429,189
70,9,428,190
70,10,426,190
70,11,424,192
70,12,423,192
70,13,422,193
70,14,421,193
70,15,415,199
70,16,415,200
70,17,414,201
70,18,414,202
70,19,413,203
70,20,413,204
70,21,412,205
70,22,412,206
70,23,406,212
70,24,386,212
70,25,381,207
70,26,381,170
70,27,379,168
70,28,368,168
70,29,363,163
70,30,363,161
70,31,364,160
70,32,364,157
70,33,363,156
70,34,363,153
70,35,362,152
70,36,362,151
70,37,361,150
70,38,361,149
70,39,360,148
70,40,360,147
70,41,359,146
70,42,359,145
70,43,350,136
70,44,356,130
70,45,359,133
70,46,361,133
70,47,362,132
70,48,362,131
70,49,357,126
70,50,357,125
70,51,362,120
70,52,367,125
70,53,367,126
70,54,364,129
70,55,364,130
70,56,367,133
70,57,369,133
70,58,373,129
70,59,374,129
70,60,377,132
70,61,378,132
70,62,379,133
70,63,380,133
70,64,381,132
70,65,382,132
70,66,385,129
70,67,388,129
70,68,392,133
70,69,396,129
70,70,397,129
70,71,400,132
70,72,401,132
70,73,402,133
70,74,403,132
70,75,404,132
70,76,406,130
70,77,409,133
70,78,413,129
70,79,414,129
70,80,418,133
70,81,420,133
70,82,421,132
70,83,420,131
70,84,420,130
70,85,419,129
70,86,419,128
70,87,418,127
70,88,418,124
70,89,417,123
70,90,417,121
70,91,416,120
70,92,416,119
70,93,415,118
70,94,413,118
70,95,408,123
70,96,404,119
70,97,403,119
70,98,402,118
70,99,401,119
70,100,400,119
70,101,397,122
70,102,396,122
70,103,392,118
70,104,391,119
70,105,390,119
70,106,386,123
70,107,381,118
70,108,380,118
70,109,379,119
70,110,378,119
70,111,376,121
70,112,375,121
70,113,370,116
70,114,367,119
70,115,363,119
70,116,362,120
70,117,360,118
70,118,359,118
70,119,356,121
70,120,353,118
70,121,352,118
70,122,350,120
70,123,351,121
70,124,351,130
70,125,346,135
70,126,344,135
70,127,339,130
71,0,339,62
71,1,338,61
71,2,338,60
72,0,402,164
72,1,401,165
72,2,401,167
72,3,402,168
72,4,402,169
72,5,403,170
72,6,403,172
72,7,404,173
72,8,404,175
72,9,405,176
72,10,405,177
72,11,407,179
72,12,408,178
72,13,409,178
72,14,410,177
72,15,409,176
72,16,414,171
72,17,419,176
72,18,418,177
72,19,420,179
72,20,421,179
72,21,426,174
72,22,428,176
72,23,429,175
72,24,433,179
72,25,434,178
72,26,434,177
72,27,436,175
72,28,436,174
72,29,434,172
72,30,434,165
72,31,433,164
72,32,432,165
72,33,431,165
72,34,429,167
72,35,428,167
72,36,426,165
72,37,425,165
72,38,424,164
72,39,423,165
72,40,413,165
72,41,412,164
72,42,411,164
72,43,407,168
72,44,403,164
73,0,366,97
73,1,365,98
73,2,365,100
73,3,366,101
73,4,366,102
73,5,367,103
73,6,367,105
73,7,368,106
73,8,368,108
73,9,369,109
73,10,369,111
73,11,371,113
73,12,374,110
73,13,373,109
73,14,378,104
73,15,383,109
73,16,382,110
73,17,383,111
73,18,383,112
73,19,384,113
73,20,389,108
73,21,385,104
73,22,390,99
73,23,395,104
73,24,391,108
73,25,391,109
73,26,395,113
73,27,396,112
73,28,397,112
73,29,398,111
73,30,399,111
73,31,400,110
73,32,400,99
73,33,399,98
73,34,398,98
73,35,397,97
73,36,395,97
73,37,394,98
73,38,393,98
73,39,391,100
73,40,388,97
73,41,387,98
73,42,377,98
73,43,376,97
73,44,375,97
73,45,371,101
73,46,367,97
74,0,242,55
74,1,243,56
75,0,330,56
75,1,331,55
75,2,332,55
75,3,337,60
75,4,337,61
75,5,336,62
76,0,336,130
76,1,330,136
76,2,329,136
76,3,328,137
76,4,327,137
76,5,326,138
76,6,325,138
76,7,324,139
76,8,323,139
76,9,317,145
76,10,317,146
76,11,316,147
76,12,316,148
76,13,314,150
76,14,314,152
76,15,313,153
76,16,313,156
76,17,312,157
76,18,312,163
76,19,307,168
76,20,277,168
76,21,272,163
76,22,272,162
76,23,271,161
76,24,271,160
76,25,270,159
76,26,270,158
76,27,269,157
76,28,269,156
76,29,267,154
76,30,267,153
76,31,262,148
76,32,261,148
76,33,260,147
76,34,259,147
76,35,258,146
76,36,257,146
76,37,256,145
76,38,255,145
76,39,254,144
76,40,251,144
76,41,250,143
76,42,245,143
76,43,244,144
76,44,239,139
76,45,239,126
76,46,244,121
76,47,245,121
76,48,247,119
76,49,247,80
76,50,245,78
76,51,243,78
76,52,238,73
76,53,238,61
76,54,237,60
77,0,229,56
77,1,230,55
77,2,231,55
77,3,236,60
77,4,235,61
77,5,235,73
77,6,230,78
77,7,229,78
77,8,224,83
77,9,220,79
77,10,219,79
77,11,218,80
77,12,217,80
77,13,214,83
77,14,213,83
77,15,210,80
77,16,202,80
77,17,201,81
77,18,201,91
77,19,200,92
77,20,201,93
77,21,201,94
77,22,202,95
77,23,206,91
77,24,208,93
77,25,209,93
77,26,210,94
77,27,212,94
77,28,215,91
77,29,216,91
77,30,219,94
77,31,222,91
77,32,227,96
77,33,227,99
77,34,218,108
77,35,214,104
77,36,212,106
77,37,211,106
77,38,207,102
77,39,205,102
77,40,203,100
77,41,200,103
77,42,199,103
77,43,194,108
77,44,188,102
77,45,187,102
77,46,186,101
77,47,185,102
77,48,184,102
77,49,181,105
77,50,177,101
77,51,176,101
77,52,173,104
77,53,172,104
77,54,170,106
77,55,175,111
77,56,175,113
77,57,174,114
77,58,176,116
77,59,177,116
77,60,181,112
77,61,184,115
77,62,185,115
77,63,186,116
77,64,187,115
77,65,188,115
77,66,194,109
77,67,199,114
77,68,200,114
77,69,201,115
77,70,207,115
77,71,209,113
77,72,210,113
77,73,213,116
77,74,215,114
77,75,216,114
77,76,218,116
77,77,220,114
77,78,221,114
77,79,223,116
77,80,224,116
77,81,229,121
77,82,231,121
77,83,236,126
77,84,236,142
77,85,237,143
77,86,226,154
77,87,226,155
77,88,224,157
77,89,224,158
77,90,223,159
77,91,223,160
77,92,222,161
77,93,222,165
77,94,221,166
77,95,221,171
77,96,218,174
77,97,225,181
77,98,225,182
77,99,226,183
77,100,226,184
77,101,230,188
77,102,225,193
77,103,221,193
77,104,219,195
77,105,218,195
77,106,215,192
77,107,214,192
77,108,210,196
77,109,209,196
77,110,205,192
77,111,204,192
77,112,201,195
77,113,196,190
77,114,202,184
77,115,199,181
77,116,199,179
77,117,204,174
77,118,210,180
77,119,204,186
77,120,206,188
77,121,207,188
77,122,209,186
77,123,210,186
77,124,212,188
77,125,213,188
77,126,215,186
77,127,215,185
77,128,212,182
77,129,212,181
77,130,216,177
77,131,216,176
77,132,213,173
77,133,212,173
77,134,211,172
77,135,209,172
77,136,208,173
77,137,207,173
77,138,205,175
77,139,202,172
77,140,201,173
77,141,191,173
77,142,190,172
77,143,189,172
77,144,185,176
77,145,181,172
77,146,180,172
77,147,179,173
77,148,179,175
77,149,180,176
77,150,180,177
77,151,181,178
77,152,181,180
77,153,182,181
77,154,182,183
77,155,183,184
77,156,183,186
77,157,185,188
77,158,180,193
77,159,175,193
77,160,174,194
77,161,172,192
77,162,171,192
77,163,168,195
77,164,165,192
77,165,163,192
77,166,161,194
77,167,156,189
78,0,156,126
78,1,161,121
78,2,162,121
78,3,164,119
78,4,164,110
78,5,168,106
78,6,164,102
78,7,164,80
78,8,162,78
78,9,160,78
78,10,155,73
78,11,155,61
78,12,160,56
79,0,645,49
79,1,646,49
79,2,651,54
79,3,651,55
79,4,646,60
79,5,645,60
79,6,640,55
79,7,640,54
80,0,539,10
80,1,535,14
80,2,534,13
80,3,533,13
80,4,532,12
80,5,530,12
80,6,529,13
80,7,528,13
80,8,525,16
80,9,522,13
80,10,516,13
80,11,513,16
80,12,513,23
80,13,514,24
80,14,514,26
80,15,508,32
80,16,507,32
80,17,506,33
80,18,506,35
80,19,510,39
80,20,510,41
80,21,509,42
80,22,510,43
80,23,510,44
80,24,511,45
80,25,514,42
80,26,515,42
80,27,517,44
80,28,519,42
80,29,520,42
80,30,522,44
80,31,524,42
80,32,525,42
80,33,529,46
80,34,533,42
80,35,534,42
80,36,537,45
80,37,541,41
80,38,544,41
80,39,547,44
80,40,550,41
80,41,552,41
80,42,554,39
80,43,554,34
80,44,552,32
80,45,550,32
80,46,547,29
80,47,544,32
80,48,542,32
80,49,540,34
80,50,539,34
80,51,533,28
80,52,533,27
80,53,535,25
80,54,535,20
80,55,540,15
80,56,541,15
80,57,542,16
80,58,543,15
80,59,543,11
80,60,542,10
81,0,525,23
81,1,530,28
81,2,522,36
81,3,517,31
